hour,hour_confRate
14,0.0
15,0.0012130985089446608
16,0.0016874438382985558
